LineStarId,Name,Position,Team,Salary,Projected,Scored,IsOverridden,OppRank,OppRankTotal,Ceiling,Floor,StartingStatus,Consistency,ProjOwn,Consensus,Leverage,Safety,AlertScore,SIC,PPG,VersusStr,DFS_ID,Vegas,VegasML,VegasTotals,VegasImplied
1210469,DeAndre Jordan,C,DEN,4400,7.6,0,0,21,30,25.75,0,2,59,0.42,0,25,0,3,0,15.19,vs BKN,9561,-9.5,-500,229.0,119.3,
1210470,Haywood Highsmith,PF,MIA,4300,4.38,0,0,30,30,28.15,3.21,2,57.99999999999999,1.32,0,14,0,0,0,16.65,vs CHI,102025,0,0,0.0,0.0,
1210471,Dean Wade,PF/SF,CLE,4300,18.21,0,0,6,30,21.21,5.62,1,72,4.04,0,58,4,5,0,13.74,@BOS,110883,8.5,300,226.0,108.8,
1210472,Isaiah Joe,PG,OKC,4300,15.09,0,0,1,30,25.57,11.16,2,74,0.68,0,50,1,-2,0,17.48,@SAC,145330,2,110,243.0,120.5,
1210473,Craig Porter,PG,CLE,4200,5.28,0,0,24,30,28.67,1.93,2,48,1.7,0,18,0,5,0,15.3,@BOS,189467,8.5,300,226.0,108.8,
1210474,Sam Hauser,SF,BOS,4200,14.95,0,0,24,30,23.47,12.26,2,76,1.98,0,50,1,1,0,17,vs CLE,158854,-8.5,-400,226.0,117.3,
1210475,Cason Wallace,PG/SG,OKC,4200,13.42,0,0,16,30,24.03,7.52,1,81,1.96,0,45,1,0,0,15.25,@SAC,188415,2,110,243.0,120.5,
1210476,Georges Niang,PF,CLE,4100,10.54,0,0,11,30,22.11,9.71,2,78,0.9,0,36,0,2,0,15.03,@BOS,23156,8.5,300,226.0,108.8,
1210477,Trendon Watford,PF,BKN,4100,11.7,0,0,5,30,22.73,7.32,2,78,0.18,0,40,0,-3,0,15.02,@DEN,158856,9.5,360,229.0,109.8,
1210478,Troy Brown,SF,MIN,4100,14.77,0,0,19,30,20.56,4.88,1,77,3.84,0,49,3,4,0,11.64,@DAL,84668,0,0,0.0,0.0,
1210479,Jaden Hardy,SG,DAL,4100,8.54,0,0,7,30,18.37,3.75,2,64,3.9,0,28,2,1,0,11.01,vs MIN,171791,0,0,0.0,0.0,
1210480,Trey Lyles,PF,SAC,4000,16.16,0,0,9,30,22.73,9.62,2,80,2.82,0,55,2,-1,0,17.14,vs OKC,58461,-2,-130,243.0,122.5,
1210481,Bones Hyland,PG,LAC,4000,0,0,0,12,30,22.26,4.08,2,73,0,0,0,0,0,0,12.58,vs GS,157834,0,0,0.0,0.0,
1210482,Shake Milton,PG,MIN,4000,13.34,0,0,21,30,18.54,7.1,2,76,0.42,0,47,0,3,0,12.03,@DAL,84691,0,0,0.0,0.0,
1210483,Christian Braun,SG,DEN,4000,13.45,0,0,15,30,25.51,7.24,2,70,0.88,0,47,1,2,0,17.38,vs BKN,171744,-9.5,-500,229.0,119.3,
1210484,Thomas Bryant,C,MIA,4000,5.43,0,0,23,30,18.63,3.81,2,69,4.12,0,18,1,-2,0,11.97,vs CHI,67312,0,0,0.0,0.0,
1210485,Payton Pritchard,PG,BOS,4000,14.3,0,0,9,30,24.58,7.38,2,64,1.36,0,49,1,-1,0,15.01,vs CLE,145335,-8.5,-400,226.0,117.3,
1210486,Tre Mann,PG,OKC,3900,4.14,0,0,1,30,25.12,0,2,71,1.84,0,15,0,-1,0,9.8,@SAC,157831,2,110,243.0,120.5,
1210487,Gary Payton,SG,GS,3900,0,0,0,24,30,22.32,7.67,4,75,0,0,0,0,0,0,14.95,@LAC,58519,0,0,0.0,0.0,
1210488,Peyton Watson,SG,DEN,3900,9.93,0,0,15,30,18.01,4.67,2,74,0.42,0,35,0,5,0,12.23,vs BKN,171761,-9.5,-500,229.0,119.3,
1210489,Ousmane Dieng,PF,OKC,3900,4.56,0,0,20,30,21.31,0,2,52,2.06,0,16,0,3,0,7.92,@SAC,171795,2,110,243.0,120.5,
1210490,Skylar Mays,PG/SG,POR,3900,0,0,0,15,30,35.36,5.52,2,68,0,0,0,0,0,0,18.31,vs UTA,145303,0,0,0.0,0.0,
1210491,Sasha Vezenkov,PF,SAC,3900,12.79,0,0,9,30,18.47,4.43,2,68,0.34,0,45,0,0,0,12.16,vs OKC,80829,-2,-130,243.0,122.5,
1210492,Isaac Okoro,SF/SG,CLE,3900,11.16,0,0,2,30,26.7,5.59,2,78,1.08,0,39,1,0,0,15.87,@BOS,145341,8.5,300,226.0,108.8,
1210493,Taylor Hendricks,PF,UTA,3900,11.83,0,0,2,30,20.35,4.89,2,95,0.74,0,42,0,-3,0,12.62,@POR,188411,0,0,0.0,0.0,
1210494,Moses Brown,C,POR,3800,3.17,0,0,8,30,22.63,2.22,2,45,0.26,0,12,0,2,0,9.73,vs UTA,117286,0,0,0.0,0.0,
1210495,Luka Samanic,PF,UTA,3800,6.16,0,0,2,30,20.52,1.58,2,60,0.28,0,22,0,-2,0,6.75,@POR,110640,0,0,0.0,0.0,
1210496,Aaron Wiggins,SG,OKC,3800,8,0,0,29,30,17.21,3.21,2,68,1.84,0,29,1,4,0,9.61,@SAC,157829,2,110,243.0,120.5,
1210497,Tristan Thompson,C,CLE,3800,10,0,0,26,30,16.28,0.23,2,71,1.6,0,36,1,7,0,8.79,@BOS,14501,8.5,300,226.0,108.8,
1210498,Maxi Kleber,PF/C,DAL,3800,0,0,0,17,30,19.94,5.79,4,81,0,0,0,0,0,0,11.84,vs MIN,81621,0,0,0.0,0.0,
1210499,Jevon Carter,PG,CHI,3800,8.71,0,0,16,30,15.17,2.19,2,74,0.28,0,32,0,2,0,9.88,@MIA,84696,0,0,0.0,0.0,
1210500,Justin Holiday,SG,DEN,3800,3.46,0,0,15,30,21.02,1.73,2,69,2.38,0,12,0,2,0,9.74,vs BKN,16604,-9.5,-500,229.0,119.3,
1210501,Jaylin Williams,PF/C,OKC,3800,9.75,0,0,20,30,17.32,4.45,2,75,0.33,0,35,0,5,0,11.16,@SAC,171758,2,110,243.0,120.5,
1210502,Dwight Powell,C/PF,DAL,3800,7.95,0,0,14,30,20.22,3.65,2,76,0.39,0,29,0,0,0,12.04,vs MIN,16196,0,0,0.0,0.0,
1210503,Richaun Holmes,C,DAL,3800,4.46,0,0,14,30,16.18,0.93,2,59,2.71,0,16,1,0,0,9.39,vs MIN,23447,0,0,0.0,0.0,
1210504,Kobe Brown,PF,LAC,3700,7.2,0,0,1,30,11.57,0.59,2,52,0.28,0,27,0,1,0,6.08,vs GS,188418,0,0,0.0,0.0,
1210505,Olivier-Maxence Prosper,PF,DAL,3700,6.1,0,0,17,30,11.61,0,2,44,0.5,0,23,0,5,0,5.77,vs MIN,188424,0,0,0.0,0.0,
1210506,JaVale McGee,C,SAC,3700,6.55,0,0,15,30,18.33,3.2,2,66,0.18,0,24,0,1,0,10.99,vs OKC,9739,-2,-130,243.0,122.5,
1210507,Kris Murray,SF,POR,3700,6.99,0,0,30,30,13.24,0.53,2,51,0.64,0,26,0,8,0,6.88,vs UTA,188429,0,0,0.0,0.0,
1210508,Brandon Boston,SG,LAC,3700,0,0,0,9,30,19.16,1.61,2,51,0,0,0,0,0,0,9.7,vs GS,157805,0,0,0.0,0.0,
1210509,Davion Mitchell,PG,SAC,3700,7.18,0,0,13,30,17.77,1.36,2,78,0.18,0,27,0,0,0,9.51,vs OKC,157812,-2,-130,243.0,122.5,
1210510,Luke Kornet,C,BOS,3700,8.78,0,0,20,30,22.12,3.63,2,62,0.26,0,33,0,-1,0,12.54,vs CLE,41083,-8.5,-400,226.0,117.3,
1210511,Markieff Morris,PF,DAL,3700,5.11,0,0,17,30,13.33,0,2,40,0.2,0,19,0,5,0,6.67,vs MIN,14511,0,0,0.0,0.0,
1210512,Ty Jerome,PG,CLE,3700,0,0,0,24,30,21.73,6.8,4,72,0,0,0,0,0,0,4.35,@BOS,110331,8.5,300,226.0,108.8,
1210513,Nikola Jovic,PF,MIA,3700,0,0,0,30,30,14.38,0,2,56.00000000000001,0,0,0,0,0,0,13.27,vs CHI,171792,0,0,0.0,0.0,
1210514,Kenrich Williams,SF,OKC,3700,10.23,0,0,12,30,22.12,8.16,2,87,0.28,0,38,0,1,0,12.3,@SAC,85305,2,110,243.0,120.5,
1210515,Trayce Jackson-Davis,PF,GS,3600,0,0,0,4,30,17.08,0,2,47,0,0,0,0,0,0,7.47,@LAC,188450,0,0,0.0,0.0,
1210516,Jordan McLaughlin,PG,MIN,3600,3.94,0,0,21,30,13.38,0.02,2,73,2.34,0,15,0,2,0,4.33,@DAL,85597,0,0,0.0,0.0,
1210517,Joshua Primo,SG/PG,LAC,3600,0,0,0,9,30,20.41,10.71,2,81,0,0,0,0,0,0,17.15,vs GS,157813,0,0,0.0,0.0,
1210518,Chris Duarte,SF,SAC,3600,4.96,0,0,28,30,17.4,1.1,2,72,1.82,0,18,0,0,0,9.36,vs OKC,157828,-2,-130,243.0,122.5,
1210519,Keon Ellis,SG,SAC,3600,5.09,0,0,17,30,14.77,1.33,2,61,0.04,0,19,0,3,0,8.42,vs OKC,171669,-2,-130,243.0,122.5,
1210520,Cory Joseph,PG,GS,3600,3.57,0,0,6,30,20.34,2.83,2,76,0.22,0,14,0,1,0,7,@LAC,14529,0,0,0.0,0.0,
1210521,Davis Bertans,SF,OKC,3600,3.74,0,0,12,30,18.62,1.04,2,56.00000000000001,1.54,0,14,0,-1,0,7.75,@SAC,14543,2,110,243.0,120.5,
1210522,Dalen Terry,SG,CHI,3600,0,0,0,14,30,13.05,0.05,2,54,0,0,0,0,0,0,4.56,@MIA,171763,0,0,0.0,0.0,
1210523,A.J. Lawson,SG,DAL,3600,5.11,0,0,7,30,15.04,0.99,2,53,0.06,0,19,0,-1,0,5.72,vs MIN,160022,0,0,0.0,0.0,
1210524,Vasilije Micic,PG,OKC,3600,0,0,0,1,30,14.31,1.58,2,23,0,0,0,0,0,0,7.94,@SAC,55065,2,110,243.0,120.5,
1210525,Jamal Cain,SF,MIA,3600,4.21,0,0,19,30,22.64,0,2,46,3.06,0,15,1,-1,0,9.84,vs CHI,180555,0,0,0.0,0.0,
1210526,Zeke Nnaji,PF/C,DEN,3600,3.3,0,0,8,30,16.07,1.4,2,69,1.14,0,12,0,1,0,8.91,vs BKN,145305,-9.5,-500,229.0,119.3,
1210527,Sam Merrill,PG,CLE,3600,3.17,0,0,24,30,16.13,0,2,41,2.4,0,12,0,2,0,5.7,@BOS,145317,8.5,300,226.0,108.8,
1210528,Dariq Whitehead,SF,BKN,3500,3.84,0,0,15,30,4,4,2,0,1.6,0,15,0,0,0,4,@DEN,188430,9.5,360,229.0,109.8,
1210529,Noah Clowney,PF,BKN,3500,0,0,0,5,30,1.2,1.2,2,0,0,0,0,0,0,0,1.2,@DEN,188431,9.5,360,229.0,109.8,
1210530,Jalen Wilson,PF,BKN,3500,0,0,0,5,30,4.26,0.68,2,0,0,0,0,0,0,0,2.47,@DEN,188442,9.5,360,229.0,109.8,
1210531,Jordan Miller,SF,LAC,3500,0,0,0,6,30,2.55,0,2,53,0,0,0,0,0,0,2.5,vs GS,188445,0,0,0.0,0.0,
1210532,Ish Wainright,SF,POR,3500,0,0,0,30,30,11.65,0,2,59,0,0,0,0,0,0,1.5,vs UTA,158243,0,0,0.0,0.0,
1210533,Colby Jones,SG,SAC,3500,0,0,0,17,30,11.95,0,2,28.000000000000004,0,0,0,0,0,0,5.38,vs OKC,188448,-2,-130,243.0,122.5,
1210534,Oshae Brissett,SF,BOS,3500,0,0,0,24,30,16.99,2.25,2,74,0,0,0,0,0,0,5.97,vs CLE,117283,-8.5,-400,226.0,117.3,
1210535,Jalen Slawson,SF,SAC,3500,0,0,0,28,30,7.63,0,2,0,0,0,0,0,0,0,2.56,vs OKC,188449,-2,-130,243.0,122.5,
1210536,Vlatko Cancar,SF,DEN,3500,0,0,0,26,30,10.63,0,4,64,0,0,0,0,0,0,9.95,vs BKN,117285,-9.5,-500,229.0,119.3,
1210537,Leonard Miller,SF,MIN,3500,0,0,0,13,30,5.49,1.65,2,0,0,0,0,0,0,0,3.57,@DAL,188452,0,0,0.0,0.0,
1210538,Jaylen Clark,SG,MIN,3500,0,0,0,5,30,0,0,4,0,0,0,0,0,0,0,0,@DAL,188453,0,0,0.0,0.0,
1210539,Jalen Pickett,SG,DEN,3500,0,0,0,15,30,9.88,0,2,36,0,0,0,0,0,0,4.59,vs BKN,188458,-9.5,-500,229.0,119.3,
1210540,Hunter Tyson,PF,DEN,3500,0,0,0,8,30,2.18,0.19,2,0,0,0,0,0,0,0,1.19,vs BKN,188459,-9.5,-500,229.0,119.3,
1210541,Rayan Rupert,SG,POR,3500,0,0,0,27,30,5.12,0,2,0,0,0,0,0,0,0,1.89,vs UTA,188456,0,0,0.0,0.0,
1210542,Armoni Brooks,SG,BKN,3500,0,0,0,12,30,13.69,0,2,40,0,0,0,0,0,0,5.25,@DEN,117291,9.5,360,229.0,109.8,
1210543,Jordan Walsh,SF,BOS,3500,0,0,0,24,30,0,0,2,0,0,0,0,0,0,0,0,vs CLE,188457,-8.5,-400,226.0,117.3,
1210544,Emoni Bates,SF,CLE,3500,0,0,0,2,30,11.28,0,2,5,0,0,0,0,0,0,4.4,@BOS,188462,8.5,300,226.0,108.8,
1210545,Julian Phillips,SF,CHI,3500,0,0,0,21,30,4.72,0,2,70,0,0,0,0,0,0,2.36,@MIA,188463,0,0,0.0,0.0,
1210546,Onuralp Bitim,SG,CHI,3500,0,0,0,14,30,0,0,2,0,0,0,0,0,0,0,0,@MIA,190515,0,0,0.0,0.0,
1210547,Keyontae Johnson,SF,OKC,3500,0,0,0,12,30,0,0,2,0,0,0,0,0,0,0,0,@SAC,188468,2,110,243.0,120.5,
1210548,Adama Sanogo,PF,CHI,3500,0,0,0,12,30,0,0,2,0,0,0,0,0,0,0,0,@MIA,188480,0,0,0.0,0.0,
1210549,Nathan Knight,PF,BOS,3500,0,0,0,15,30,9.89,0.3,2,40,0,0,0,0,0,0,6.21,vs CLE,145491,-8.5,-400,226.0,117.3,
1210550,Josh Christopher,SG,UTA,3500,0,0,0,30,30,19.9,6.96,2,71,0,0,0,0,0,0,10.17,@POR,157803,0,0,0.0,0.0,
1210551,Luka Garza,C,MIN,3500,0,0,0,13,30,20.92,0,2,31,0,0,0,0,0,0,4.14,@DAL,157807,0,0,0.0,0.0,
1210552,Keon Johnson,SG,BKN,3500,0,0,0,12,30,20.5,0,2,70,0,0,0,0,0,0,9.06,@DEN,157804,9.5,360,229.0,109.8,
1210553,Neemias Queta,C,BOS,3500,0,0,0,20,30,16.61,2.8,2,10,0,0,0,0,0,0,11.13,vs CLE,157811,-8.5,-400,226.0,117.3,
1210554,Damian Jones,C,CLE,3500,0,0,0,26,30,13.89,0,2,63,0,0,0,0,0,0,2.88,@BOS,41082,8.5,300,226.0,108.8,
1210555,Greg Brown,PF,DAL,3500,0,0,0,17,30,8.57,0.96,2,70,0,0,0,0,0,0,4.77,vs MIN,157823,0,0,0.0,0.0,
1210556,Dalano Banton,PG,BOS,3500,4.11,0,0,9,30,15.77,0,2,50,18.26,0,13,4,-1,0,6.95,vs CLE,157821,-8.5,-400,226.0,117.3,
1210557,Aleksej Pokusevski,PF/C,OKC,3500,0,0,0,20,30,22.46,0,2,74,0,0,0,0,0,0,3.3,@SAC,145538,2,110,243.0,120.5,
1210558,RJ Hampton,PG/SG,MIA,3500,0,0,0,4,30,21.82,2.29,2,67,0,0,0,0,0,0,0,vs CHI,145541,0,0,0.0,0.0,
1210559,Johnny Juzang,SF,UTA,3500,0,0,0,5,30,14.82,3.94,2,60,0,0,0,0,0,0,9.1,@POR,171658,0,0,0.0,0.0,
1210560,Lester Quinones,SG,GS,3500,0,0,0,24,30,8.08,0,2,0,0,0,0,0,0,0,2,@LAC,171659,0,0,0.0,0.0,
1210561,Kessler Edwards,SF,SAC,3500,0,0,0,28,30,8.97,0,2,66,0,0,0,0,0,0,3.56,vs OKC,157835,-2,-130,243.0,122.5,
1210562,Xavier Moon,SG,LAC,3500,0,0,0,9,30,7.7,3.6,2,0,0,0,0,0,0,0,4,vs GS,163983,0,0,0.0,0.0,
1210563,Collin Gillespie,PG,DEN,3500,0,0,0,3,30,10.89,0,2,31,0,0,0,0,0,0,4.66,vs BKN,171668,-9.5,-500,229.0,119.3,
1210564,Justin Lewis,PF,CHI,3500,0,0,0,12,30,0,0,2,0,0,0,0,0,0,0,0,@MIA,171673,0,0,0.0,0.0,
1210565,Jordan Clarkson,PG/SG,UTA,3500,0,0,0,5,30,41.79,16.06,4,88,0,0,0,0,0,0,28.09,@POR,20640,0,0,0.0,0.0,
1210566,Ricky Rubio,PG,CLE,3500,0,0,0,24,30,18.43,5.68,4,75,0,0,0,0,0,0,13.95,@BOS,14496,8.5,300,226.0,108.8,
1210567,Terry Taylor,SF,CHI,3500,0,0,0,21,30,11.13,0,2,65,0,0,0,0,0,0,1.57,@MIA,158371,0,0,0.0,0.0,
1210568,Cole Swider,SF,MIA,3500,3.31,0,0,19,30,11.82,0,2,19,0.02,0,13,0,-1,0,8.9,vs CHI,171680,0,0,0.0,0.0,
1210569,Daishen Nix,PG,MIN,3500,0,0,0,21,30,7.47,0,2,61,0,0,0,0,0,0,2.03,@DAL,160963,0,0,0.0,0.0,
1210570,Jerome Robinson,SG,GS,3500,0,0,0,24,30,21.84,3.11,2,0,0,0,0,0,0,0,2.4,@LAC,84677,0,0,0.0,0.0,
1210571,Braxton Key,SF,DEN,3500,0,0,0,26,30,3.89,0.4,2,70,0,0,0,0,0,0,2.35,vs BKN,164036,-9.5,-500,229.0,119.3,
1210572,Usman Garuba,PF,GS,3500,0,0,0,4,30,12.49,2.52,2,69,0,0,0,0,0,0,11.49,@LAC,157906,0,0,0.0,0.0,
1210573,Lonnie Walker,SG/SF,BKN,3500,0,0,0,12,30,31.97,12.01,4,76,0,0,0,0,0,0,21.82,@DEN,84702,9.5,360,229.0,109.8,
1210574,Robert Williams,C,POR,3500,0,0,0,8,30,26.87,12.38,4,85,0,0,0,0,0,0,21.52,vs UTA,84708,0,0,0.0,0.0,
1210575,Mason Plumlee,C,LAC,3500,0,0,0,3,30,25.45,8.42,4,89,0,0,0,0,0,0,14.77,vs GS,15590,0,0,0.0,0.0,
1210576,Svi Mykhailiuk,SG,BOS,3500,0,0,0,2,30,35.05,1.74,2,61,0,0,0,0,0,0,3.56,vs CLE,84713,-8.5,-400,226.0,117.3,
1210577,JD Davison,PG,BOS,3500,0,0,0,9,30,11.35,0,2,51,0,0,0,0,0,0,4.52,vs CLE,171762,-8.5,-400,226.0,117.3,
1210578,Moussa Diabate,PF,LAC,3500,0,0,0,1,30,11.05,1.01,4,26,0,0,0,0,0,0,7.31,vs GS,171765,0,0,0.0,0.0,
1210579,Wendell Moore,SG,MIN,3500,0,0,0,5,30,6.13,0,2,47,0,0,0,0,0,0,0.9,@DAL,171778,0,0,0.0,0.0,
1210580,Josh Minott,SF,MIN,3500,0,0,0,13,30,6.62,0.59,2,8,0,0,0,0,0,0,2.51,@DAL,171776,0,0,0.0,0.0,
1210581,Isaiah Mobley,PF,CLE,3500,0,0,0,11,30,21.79,0,2,33,0,0,0,0,0,0,5.45,@BOS,171782,8.5,300,226.0,108.8,
1210582,Micah Potter,PF,UTA,3500,0,0,0,2,30,15.67,0,2,24,0,0,0,0,0,0,7.17,@POR,161552,0,0,0.0,0.0,
1210583,Dru Smith,SG,MIA,3500,0,0,0,21,30,18.44,0.06,4,35,0,0,0,0,0,0,11.98,vs CHI,161553,0,0,0.0,0.0,
1210584,Gui Santos,PF,GS,3500,0,0,0,4,30,7.1,1.2,2,0,0,0,0,0,0,0,4.15,@LAC,171796,0,0,0.0,0.0,
1210585,Ibou Badji,C,POR,3500,0,0,0,8,30,0,0,2,0,0,0,0,0,0,0,0,vs UTA,180016,0,0,0.0,0.0,
1210586,Dexter Dennis,SG,DAL,3500,0,0,0,7,30,4,2.4,2,34,0,0,0,0,0,0,3.2,vs MIN,192339,0,0,0.0,0.0,
1210587,P.J. Tucker,PF,LAC,3500,0,0,0,1,30,14.12,2.23,2,78,0,0,0,0,0,0,7.71,vs GS,23407,0,0,0.0,0.0,
1210588,Jay Huff,C,DEN,3500,0,0,0,21,30,22.79,0,2,51,0,0,0,0,0,0,1,vs BKN,159097,-9.5,-500,229.0,119.3,
1210589,Amir Coffey,SF/SG,LAC,3500,0,0,0,6,30,6.25,0,2,68,0,0,0,0,0,0,2.65,vs GS,111492,0,0,0.0,0.0,
1210590,Jordan Ford,PG,SAC,3500,0,0,0,13,30,5.98,0,2,0,0,0,0,0,0,0,2.73,vs OKC,145824,-2,-130,243.0,122.5,
1210591,Lonzo Ball,PG,CHI,3500,0,0,0,16,30,43.91,27.12,4,84,0,0,0,0,0,0,0,@MIA,80806,0,0,0.0,0.0,
1210592,Harry Giles,PF/C,BKN,3500,0,0,0,5,30,10.76,1.63,2,0,0,0,0,0,0,0,7.45,@DEN,80819,9.5,360,229.0,109.8,
1210593,Alex Len,C,SAC,3500,0,0,0,15,30,16.45,2.14,4,56.99999999999999,0,0,0,0,0,0,9.62,vs OKC,15814,-2,-130,243.0,122.5,
1210594,Lamar Stevens,PF,BOS,3500,0,0,0,15,30,15.95,0.53,2,66,0,0,0,0,0,0,3.7,vs CLE,145357,-8.5,-400,226.0,117.3,
1210595,Olivier Sarr,C,OKC,3500,0,0,0,1,30,26.34,0.07,2,65,0,0,0,0,0,0,10.1,@SAC,163280,2,110,243.0,120.5,
1210596,Lindy Waters,SG,OKC,3500,4.46,0,0,29,30,13.16,1.8,2,61,2.12,0,17,0,3,0,5.02,@SAC,165854,2,110,243.0,120.5,
1210597,Justin Minaya,SF,POR,3500,0,0,0,30,30,14.91,0,2,38,0,0,0,0,0,0,2.5,vs UTA,184831,0,0,0.0,0.0,
1210598,Brice Sensabaugh,SF,UTA,3500,0,0,0,5,30,1.2,1.2,2,0,0,0,0,0,0,0,2.4,@POR,188413,0,0,0.0,0.0,
1211072,Luka Doncic,PG,DAL,12600,64.24,0,0,15,30,71.74,41.18,1,91,17.54,0,95,56,7,0,57.01,vs MIN,84669,0,0,0.0,0.0,
1211073,Nikola Jokic,C,DEN,12400,58.08,0,0,5,30,77.95,43.49,1,92,8.86,0,96,26,1,0,59.73,vs BKN,55062,-9.5,-500,229.0,119.3,
1211074,Shai Gilgeous-Alexander,PG,OKC,11400,54.46,0,0,16,30,66.31,47.66,1,92,9,0,93,25,3,0,55.21,@SAC,84680,2,110,243.0,120.5,
1211075,De'Aaron Fox,PG,SAC,9900,45.48,0,0,23,30,61.89,33.26,1,88,5.5,0,86,13,1,0,46.89,vs OKC,80810,-2,-130,243.0,122.5,
1211076,Jayson Tatum,PF/SF,BOS,9800,43.89,0,0,13,30,55.27,34.11,1,90,7.44,0,82,16,1,0,45.37,vs CLE,80808,-8.5,-400,226.0,117.3,
1211077,Donovan Mitchell,SG/PG,CLE,9700,39.33,0,0,6,30,54.04,34.66,1,89,4.16,0,77,8,0,0,46.2,@BOS,66113,8.5,300,226.0,108.8,
1211078,Domantas Sabonis,C/PF,SAC,9600,42.96,0,0,17,30,58.92,34.71,1,91,7.83,0,81,17,6,0,45.54,vs OKC,59358,-2,-130,243.0,122.5,
1211079,Bam Adebayo,C,MIA,9300,30.08,0,0,23,30,57.89,30.18,2,88,9.23,0,57,14,-3,0,44.11,vs CHI,80817,0,0,0.0,0.0,
1211080,Kawhi Leonard,SF/PF,LAC,9000,44.71,0,0,15,30,52.11,31.97,1,91,11.36,0,84,25,7,0,40.96,vs GS,14513,0,0,0.0,0.0,
1211081,Stephen Curry,PG,GS,8900,42.75,0,0,19,30,47.7,33.87,1,91,14.4,0,78,31,4,0,41.34,@LAC,9524,0,0,0.0,0.0,
1211082,Anthony Edwards,SG/SF,MIN,8800,28.6,0,0,5,30,55,26.22,2,87,10.28,0,55,15,-4,0,40.39,@DAL,145321,0,0,0.0,0.0,
1211083,Jimmy Butler,SF/PF,MIA,8700,43.61,0,0,29,30,46.71,30.27,1,87,39.2,0,57,85,2,0,37.63,vs CHI,14528,0,0,0.0,0.0,
1211084,Paul George,SG/SF,LAC,8600,38.63,0,0,4,30,48.61,27.77,1,88,8.72,0,76,17,-1,0,39.47,vs GS,12341,0,0,0.0,0.0,
1211085,Karl-Anthony Towns,PF/C,MIN,8500,41.26,0,0,20,30,50.64,30.55,1,88,13.11,0,78,27,5,0,38.84,@DAL,58462,0,0,0.0,0.0,
1211086,Kyrie Irving,PG/SG,DAL,8400,0,0,0,2,30,49.25,28.38,4,88,0,0,0,0,0,0,38.55,vs MIN,14498,0,0,0.0,0.0,
1211087,Lauri Markkanen,PF/SF,UTA,8400,40.97,0,0,27,30,50.36,29.46,1,90,8,0,83,16,0,0,39.91,@POR,80812,0,0,0.0,0.0,
1211088,Anfernee Simons,SG/PG,POR,8300,37.78,0,0,21,30,38.64,21.3,1,87,41.64,0,49,79,2,0,39.2,vs UTA,84717,0,0,0.0,0.0,
1211089,Rudy Gobert,C,MIN,8300,39.61,0,0,18,30,48.57,26.36,1,87,2.32,0,85,5,2,0,37.06,@DAL,40203,0,0,0.0,0.0,
1211090,Nikola Vucevic,C,CHI,8200,37.11,0,0,1,30,47.43,27.87,1,88,4.26,0,79,8,2,0,36.88,@MIA,14514,0,0,0.0,0.0,
1211091,DeMar DeRozan,SF,CHI,8200,39.36,0,0,20,30,47.53,31.47,1,89,31.86,0,60,63,5,0,38.4,@MIA,9714,0,0,0.0,0.0,
1211092,Kristaps Porzingis,PF/C,BOS,8100,33,0,0,13,30,44.84,24.54,1,88,5.31,0,70,9,1,0,35.62,vs CLE,63122,-8.5,-400,226.0,117.3,
1211093,James Harden,SG/PG,LAC,8100,41.44,0,0,4,30,44.84,28.08,1,88,11.76,0,82,24,6,0,35.78,vs GS,9644,0,0,0.0,0.0,
1211094,Mikal Bridges,SG/SF,BKN,8000,37.95,0,0,15,30,51.45,25.69,1,89,14,0,73,27,1,0,37.96,@DEN,84670,9.5,360,229.0,109.8,
1211095,Chet Holmgren,C,OKC,8000,38.1,0,0,19,30,48.18,28.33,1,88,2.98,0,83,6,11,0,38.13,@SAC,171759,2,110,243.0,120.5,
1211096,Darius Garland,PG,CLE,7900,40.07,0,0,11,30,46.95,25.19,1,89,11.7,0,80,23,8,0,34.85,@BOS,110342,8.5,300,226.0,108.8,
1211097,Jaylen Brown,SF/SG,BOS,7900,35.74,0,0,12,30,43.82,27.81,1,89,5.64,0,76,10,0,0,35.98,vs CLE,67026,-8.5,-400,226.0,117.3,
1211098,Shaedon Sharpe,SF/SG,POR,7800,37.25,0,0,25,30,41.86,21.35,1,84,9.36,0,77,17,2,0,32.35,vs UTA,171804,0,0,0.0,0.0,
1211099,Evan Mobley,PF/C,CLE,7700,0,0,0,11,30,47.99,27.01,4,89,0,0,0,0,0,0,38.07,@BOS,157845,8.5,300,226.0,108.8,
1211100,Coby White,PG,CHI,7700,36.24,0,0,13,30,43.7,19.52,1,84,9.1,0,76,16,7,0,29.19,@MIA,110326,0,0,0.0,0.0,
1211101,Zach LaVine,SG,CHI,7600,0,0,0,14,30,45.62,25.27,4,87,0,0,0,0,0,0,33.38,@MIA,40783,0,0,0.0,0.0,
1211102,Jamal Murray,PG,DEN,7500,26.28,0,0,3,30,47.78,25.25,2,89,3.06,0,60,4,-2,0,33.37,vs BKN,66108,-9.5,-500,229.0,119.3,
1211103,Jerami Grant,PF/SF,POR,7500,0,0,0,23,30,46.56,22.03,4,86,0,0,0,0,0,0,32.77,vs UTA,23831,0,0,0.0,0.0,
1211104,Tyler Herro,SG,MIA,7400,0,0,0,21,30,44.02,20.08,2,86,0,0,0,0,0,0,37.44,vs CHI,110312,0,0,0.0,0.0,
1211105,Jarrett Allen,C/PF,CLE,7400,26.85,0,0,4,30,40.55,18.47,1,85,18.66,0,51,25,4,0,29.19,@BOS,80821,8.5,300,226.0,108.8,
1211106,Nic Claxton,C,BKN,7300,29.91,0,0,15,30,42.34,24.6,1,87,2.2,0,69,3,1,0,32.99,@DEN,110354,9.5,360,229.0,109.8,
1211107,Malcolm Brogdon,PG/SG,POR,7300,31.63,0,0,15,30,45.34,15.6,2,85,10.6,0,67,17,3,0,32.3,vs UTA,16359,0,0,0.0,0.0,
1211108,Derrick White,PG/SG,BOS,7200,32.22,0,0,7,30,40.72,22.4,1,84,6.72,0,72,11,-1,0,32.11,vs CLE,49675,-8.5,-400,226.0,117.3,
1211109,Deandre Ayton,C,POR,7200,0,0,0,8,30,42.66,22.02,2,85,0,0,0,0,0,0,32.1,vs UTA,84673,0,0,0.0,0.0,
1211110,Walker Kessler,C,UTA,7100,25.29,0,0,22,30,37.96,16.13,2,83,3.47,0,59,4,-1,0,27.23,@POR,171777,0,0,0.0,0.0,
1211111,Jalen Williams,SF/SG,OKC,7000,29.85,0,0,16,30,39.49,21.77,1,88,11,0,65,16,2,0,29.94,@SAC,171760,2,110,243.0,120.5,
1211112,Dante Exum,SG/PG,DAL,7000,32.94,0,0,7,30,30,6.04,1,86,24.96,0,60,41,7,0,15.84,vs MIN,55055,0,0,0.0,0.0,
1211113,Jrue Holiday,PG,BOS,6900,30.05,0,0,7,30,39.33,22.99,1,88,4.5,0,70,7,-2,0,31.24,vs CLE,9663,-8.5,-400,226.0,117.3,
1211114,Draymond Green,PF/C,GS,6900,0,0,0,4,30,37.75,14.17,4,85,0,0,0,0,0,0,26.01,@LAC,15860,0,0,0.0,0.0,
1211115,Spencer Dinwiddie,SG/PG,BKN,6800,31.93,0,0,15,30,44.2,22.17,1,87,22,0,62,35,1,0,30.18,@DEN,15542,9.5,360,229.0,109.8,
1211116,John Collins,PF/C,UTA,6800,0,0,0,2,30,39.57,18.63,2,84,0,0,0,0,0,0,29.49,@POR,66236,0,0,0.0,0.0,
1211117,Chris Paul,PG,GS,6700,17.89,0,0,6,30,37.8,14.61,2,86,2.58,0,43,2,-2,0,27.73,@LAC,9623,0,0,0.0,0.0,
1211118,Michael Porter,SF/PF,DEN,6600,29.66,0,0,30,30,40.01,22.94,1,86,9.28,0,68,14,9,0,31.6,vs BKN,84682,-9.5,-500,229.0,119.3,
1211119,Dereck Lively,C,DAL,6500,30.25,0,0,2,30,38.63,15.93,1,88,6.88,0,72,10,3,0,26.24,vs MIN,188425,0,0,0.0,0.0,
1211120,Caleb Martin,SF/PF,MIA,6500,30.11,0,0,29,30,32.59,11.7,1,82,25.32,0,57,38,3,0,22.52,vs CHI,113267,0,0,0.0,0.0,
1211121,Ivica Zubac,C,LAC,6400,29.88,0,0,21,30,37.19,20.62,1,83,2.09,0,75,3,5,0,27.82,vs GS,70827,0,0,0.0,0.0,
1211122,Josh Giddey,SG/PG,OKC,6400,23.83,0,0,25,30,35.31,18.8,1,88,6.8,0,57,8,2,0,26.95,@SAC,157905,2,110,243.0,120.5,
1211123,Aaron Gordon,PF,DEN,6300,25.43,0,0,5,30,40.15,23.02,1,86,6.1,0,62,8,0,0,30.46,vs BKN,41594,-9.5,-500,229.0,119.3,
1211124,Cam Thomas,SG/SF,BKN,6300,24.43,0,0,15,30,44.63,13.62,1,65,20.84,0,50,25,0,0,32.77,@DEN,157838,9.5,360,229.0,109.8,
1211125,Max Strus,SG/SF,CLE,6200,28.45,0,0,6,30,39.32,20.76,1,80,10.36,0,67,15,5,0,29.5,@BOS,112708,8.5,300,226.0,108.8,
1211126,Keyonte George,PG/SG,UTA,6200,24.59,0,0,17,30,35.13,14.97,1,84,23.4,0,49,29,1,0,22.63,@POR,188412,0,0,0.0,0.0,
1211127,Keegan Murray,SF/PF,SAC,6100,27.53,0,0,4,30,36.97,16.1,1,85,7.44,0,67,10,8,0,27.26,vs OKC,171787,-2,-130,243.0,122.5,
1211128,Ben Simmons,PG/PF,BKN,6000,0,0,0,11,30,32.58,14.21,4,81,0,0,0,0,0,0,31,@DEN,66115,9.5,360,229.0,109.8,
1211129,Cameron Johnson,SF/PF,BKN,6000,28.67,0,0,17,30,36.25,18.9,1,84,19.2,0,62,28,-1,0,27.58,@DEN,110316,9.5,360,229.0,109.8,
1211130,Mike Conley,PG,MIN,6000,28.28,0,0,6,30,33.51,21.36,1,88,17.46,0,62,25,3,0,26.48,@DAL,9575,0,0,0.0,0.0,
1211131,Reggie Jackson,PG,DEN,5900,28.61,0,0,8,30,40.22,14.51,1,80,7.82,0,71,11,3,0,24.7,vs BKN,14523,-9.5,-500,229.0,119.3,
1211132,Russell Westbrook,PG,LAC,5900,23.26,0,0,12,30,32.63,18.39,2,86,0.98,0,62,1,-3,0,28.81,vs GS,9642,0,0,0.0,0.0,
1211133,Tim Hardaway,SG/SF,DAL,5900,18.94,0,0,7,30,31.33,14.86,2,83,6.72,0,48,6,-2,0,24.18,vs MIN,15846,0,0,0.0,0.0,
1211134,Brandin Podziemski,SG/SF,GS,5800,22.7,0,0,24,30,30.65,6.27,2,77,0.8,0,61,1,4,0,18.29,@LAC,188433,0,0,0.0,0.0,
1211135,Malik Monk,SG/PG,SAC,5800,29.39,0,0,17,30,36.34,17.83,2,84,17.92,0,66,26,0,0,26.29,vs OKC,80816,-2,-130,243.0,122.5,
1211136,Duncan Robinson,SG/SF,MIA,5700,26.86,0,0,10,30,38.37,13.71,1,70,4.32,0,71,6,0,0,23.46,vs CHI,85137,0,0,0.0,0.0,
1211137,Klay Thompson,SG,GS,5700,22.09,0,0,2,30,32.45,14.3,1,86,7.62,0,56,8,-2,0,23.93,@LAC,14509,0,0,0.0,0.0,
1211138,Naz Reid,C/PF,MIN,5700,24.32,0,0,13,30,29.11,13.9,2,80,3.48,0,65,4,3,0,22.43,@DAL,110995,0,0,0.0,0.0,
1211139,Kevin Love,PF/C,MIA,5600,22.57,0,0,30,30,27.7,12.83,2,78,5.01,0,60,6,5,0,20.94,vs CHI,9874,0,0,0.0,0.0,
1211140,Derrick Jones,SF/PF,DAL,5600,21.85,0,0,7,30,32.06,11.91,2,72,10.96,0,54,12,-2,0,19.6,vs MIN,66968,0,0,0.0,0.0,
1211141,Jaime Jaquez,SF,MIA,5500,24.02,0,0,19,30,34.3,18.52,2,88,3.62,0,65,4,0,0,22.9,vs CHI,188422,0,0,0.0,0.0,
1211142,Orlando Robinson,C,MIA,5500,23.67,0,0,26,30,28.21,2.4,1,59,19.83,0,54,23,0,0,19.78,vs CHI,171665,0,0,0.0,0.0,
1211143,Dario Saric,PF/C,GS,5500,20.89,0,0,4,30,32.26,16.38,2,70,2.46,0,57,3,-1,0,23.14,@LAC,55056,0,0,0.0,0.0,
1211144,Patrick Williams,SF/PF,CHI,5500,23.86,0,0,20,30,32.57,13.41,1,82,6.76,0,63,8,4,0,20.2,@MIA,145308,0,0,0.0,0.0,
1211145,Collin Sexton,SG,UTA,5400,27.01,0,0,22,30,32.31,15.54,1,85,11.06,0,69,15,7,0,21.65,@POR,84667,0,0,0.0,0.0,
1211146,Caris LeVert,SG/SF,CLE,5400,20.05,0,0,10,30,39.07,14.57,2,84,1.36,0,56,1,3,0,26.89,@BOS,23798,8.5,300,226.0,108.8,
1211147,Kyle Lowry,PG,MIA,5400,20.45,0,0,1,30,33.91,16.02,1,83,3.76,0,56,4,-4,0,23.85,vs CHI,9535,0,0,0.0,0.0,
1211148,Kelly Olynyk,C/PF,UTA,5300,22.57,0,0,30,30,28.62,11.88,1,85,17.16,0,54,19,2,0,21.18,@POR,22541,0,0,0.0,0.0,
1211149,Jonathan Kuminga,SF/PF,GS,5300,18.21,0,0,4,30,28.01,8.91,2,76,1.4,0,52,1,1,0,18.78,@LAC,157904,0,0,0.0,0.0,
1211150,Talen Horton-Tucker,SG/SF,UTA,5300,19.16,0,0,30,30,28.33,11.14,2,76,2.92,0,54,3,1,0,21.43,@POR,110337,0,0,0.0,0.0,
1211151,Royce O'Neale,SF/PF,BKN,5300,17.32,0,0,15,30,33.2,12.59,2,85,1.8,0,49,2,-1,0,23.22,@DEN,18338,9.5,360,229.0,109.8,
1211152,Norman Powell,SF/SG,LAC,5200,19.28,0,0,6,30,28.03,7.54,2,85,1.76,0,55,2,-1,0,18.81,vs GS,16293,0,0,0.0,0.0,
1211153,Alex Caruso,PG/SG,CHI,5200,20.33,0,0,16,30,29.14,12.33,2,83,2.48,0,58,3,0,0,21.98,@MIA,23981,0,0,0.0,0.0,
1211154,Scoot Henderson,PG,POR,5100,17.75,0,0,15,30,26.09,10.94,2,75,2.08,0,52,2,2,0,18.52,vs UTA,188428,0,0,0.0,0.0,
1211155,Kyle Anderson,SF/PF,MIN,5100,22.44,0,0,13,30,25.35,15,2,84,3.56,0,64,4,4,0,21.12,@DAL,23716,0,0,0.0,0.0,
1211156,Andre Drummond,C,CHI,5100,16.92,0,0,11,30,27.62,11.76,2,79,0.71,0,50,1,4,0,18.36,@MIA,15557,0,0,0.0,0.0,
1211157,Al Horford,C,BOS,5100,18.96,0,0,20,30,36.49,12.15,2,85,5.76,0,53,5,0,0,22.84,vs CLE,9453,-8.5,-400,226.0,117.3,
1211158,Simone Fontecchio,SF,UTA,5000,20.4,0,0,8,30,27.65,8.74,1,71,5.72,0,58,6,5,0,14.9,@POR,173747,0,0,0.0,0.0,
1211159,Grant Williams,PF,DAL,5000,15.51,0,0,3,30,27.34,8.51,1,78,5.52,0,44,4,0,0,18.86,vs MIN,110318,0,0,0.0,0.0,
1211160,Andrew Wiggins,SF/PF,GS,5000,17.52,0,0,6,30,29.55,10.66,1,84,6.52,0,49,6,-1,0,18.92,@LAC,49116,0,0,0.0,0.0,
1211161,Dorian Finney-Smith,SF/PF,BKN,5000,19.53,0,0,15,30,29,13.64,2,82,3.32,0,57,3,-1,0,22.28,@DEN,16376,9.5,360,229.0,109.8,
1211162,Day'Ron Sharpe,C,BKN,4900,16.07,0,0,9,30,28.23,11.65,2,64,0.43,0,49,0,-4,0,18.31,@DEN,157839,9.5,360,229.0,109.8,
1211163,Kevon Looney,C,GS,4900,18.56,0,0,10,30,26.84,13.06,1,85,2.66,0,55,2,-2,0,21.52,@LAC,58576,0,0,0.0,0.0,
1211164,Kevin Huerter,SG/SF,SAC,4900,20.23,0,0,14,30,37.04,12.36,1,83,7.36,0,57,7,2,0,23.48,vs OKC,84704,-2,-130,243.0,122.5,
1211165,Torrey Craig,SF/SG,CHI,4900,15.79,0,0,21,30,24.94,7.34,2,78,0.92,0,48,1,2,0,15.92,@MIA,20277,0,0,0.0,0.0,
1211166,Josh Richardson,SF/SG,MIA,4900,18.91,0,0,19,30,28.22,14.16,2,82,1.88,0,57,2,-2,0,19.51,vs CHI,16233,0,0,0.0,0.0,
1211167,Toumani Camara,SF/PF,POR,4800,24.47,0,0,25,30,24.78,10.96,1,86,11.08,0,67,14,7,0,17.48,vs UTA,188447,0,0,0.0,0.0,
1211168,Kentavious Caldwell-Pope,SG,DEN,4800,0,0,0,15,30,30.11,11.36,4,84,0,0,0,0,0,0,21.08,vs BKN,15636,-9.5,-500,229.0,119.3,
1211169,Josh Green,SF/SG,DAL,4800,0,0,0,7,30,23.98,8.07,4,76,0,0,0,0,0,0,16.33,vs MIN,145325,0,0,0.0,0.0,
1211170,Dennis Smith,PG,BKN,4800,17.12,0,0,11,30,29.69,9.21,2,84,0.72,0,52,1,-1,0,17.79,@DEN,80814,9.5,360,229.0,109.8,
1211171,Luguentz Dort,SF/SG,OKC,4700,14.46,0,0,12,30,31.2,9.25,2,83,1.84,0,44,1,1,0,20.91,@SAC,111273,2,110,243.0,120.5,
1211172,Seth Curry,SG,DAL,4700,15.52,0,0,7,30,19.96,2.95,1,74,9.54,0,44,7,1,0,9.78,vs MIN,15583,0,0,0.0,0.0,
1211173,Jaden McDaniels,SF/PF,MIN,4700,15.32,0,0,13,30,26.8,8.29,2,82,1.92,0,47,1,0,0,15.7,@DAL,145319,0,0,0.0,0.0,
1211174,Moses Moody,SG,GS,4600,13.25,0,0,24,30,24.01,9.7,2,67,6.72,0,39,4,6,0,16.76,@LAC,157802,0,0,0.0,0.0,
1211175,Duop Reath,C,POR,4600,18.7,0,0,6,30,23.5,6.14,1,75,3.95,0,57,4,3,0,14.82,vs UTA,194767,0,0,0.0,0.0,
1211176,Nickeil Alexander-Walker,SG/SF,MIN,4600,20.49,0,0,13,30,28.87,8.01,1,68,12.16,0,57,12,2,0,17.1,@DAL,110356,0,0,0.0,0.0,
1211177,Omer Yurtseven,C,UTA,4600,9.09,0,0,22,30,23.07,2.85,2,65,6.04,0,27,3,0,0,12.27,@POR,145351,0,0,0.0,0.0,
1211178,Harrison Barnes,SF/PF,SAC,4500,14.72,0,0,4,30,26.11,12.67,1,85,3.88,0,46,3,-4,0,19.48,vs OKC,15946,-2,-130,243.0,122.5,
1211179,Daniel Theis,PF/C,LAC,4500,18.55,0,0,1,30,26.47,8.57,2,65,0.96,0,59,1,-3,0,16.42,vs GS,81529,0,0,0.0,0.0,
1211180,Matisse Thybulle,SF,POR,4500,19.4,0,0,25,30,27.89,11.66,1,75,4.3,0,60,4,10,0,16.69,vs UTA,110320,0,0,0.0,0.0,
1211181,Jabari Walker,SF/PF,POR,4500,19.87,0,0,30,30,28.02,9.59,2,70,24.28,0,48,24,8,0,17.03,vs UTA,171764,0,0,0.0,0.0,
1211182,Ochai Agbaji,SG,UTA,4500,12.68,0,0,30,30,26.36,7.47,2,81,1.88,0,40,1,0,0,13.83,@POR,171781,0,0,0.0,0.0,
1211183,Julian Strawther,SF,DEN,4400,11.21,0,0,26,30,22.68,0.42,2,62,2.6,0,36,1,7,0,11.16,vs BKN,188423,-9.5,-500,229.0,119.3,
1211184,Ayo Dosunmu,PG/SG,CHI,4400,19.03,0,0,13,30,23.32,4.66,1,80,9.72,0,56,9,8,0,12.43,@MIA,157849,0,0,0.0,0.0,
1211185,Terance Mann,SG/SF,LAC,4400,17.44,0,0,4,30,23.61,12.02,1,82,1.32,0,56,1,-4,0,17.02,vs GS,110315,0,0,0.0,0.0,
1211186,Kris Dunn,PG/SG,UTA,4400,12.38,0,0,5,30,18.99,4.32,2,81,3.4,0,39,2,3,0,10.77,@POR,23802,0,0,0.0,0.0,
